{
    "global_best_reward": 297.3995634185342,
    "best_avg_reward": 106.7701152846411
}