{
    "global_best_reward": 52.600000000000385,
    "best_avg_reward": 12.254000000000005
}