{
    "global_best_reward": 319.77814983233685,
    "best_avg_reward": 231.1217830194938
}