{
    "global_best_reward": 306.4899897947338,
    "best_avg_reward": 220.9495842331167
}